{"cameraMode":{"drawMode":0,"name":"Shaded","section":"Shading Mode"},"sceneLighting":true,"audioPlay":false,"sceneViewState":{"showFog":true,"showMaterialUpdate":false,"showSkybox":true,"showFlares":true,"showImageEffects":true,"showParticleSystems":true},"in2DMode":false,"pivot":{"x":-21.469518661499025,"y":8.295251846313477,"z":-1.2539390325546265},"rotation":{"x":-0.0929274708032608,"y":0.6822947263717651,"z":0.08809367567300797,"w":0.7197763323783875},"size":21.53172492980957,"orthographic":true}